Id,Designator,Footprint,Quantity,Designation,Supplier and ref **DIGIKEY IF BLANK,Cost
1,A1,Pololu_Breakout-16_15.2x20.3mm,1,Pololu_Breakout_DRV8825,https://www.makerstore.com.au/product/elec-drv8825/,9.5
2,"C1, C2, C4, C6, C7, C17, C18, C23",C_0603_1608Metric_Pad1.08x0.95mm_HandSolder,8,100n,,
3,"C3, C15, C21",CP_Elec_6.3x7.7,3,100u,,
4,C5,C_0603_1608Metric_Pad1.08x0.95mm_HandSolder,1,220n,,
5,"C16, C22",C_0603_1608Metric_Pad1.08x0.95mm_HandSolder,2,1u,,
6,C19,C_0603_1608Metric_Pad1.08x0.95mm_HandSolder,1,22n,,
7,D1,D_SMA,1,SMAJ51CA,,
8,"D1,D2",LED_0603_1608Metric_Pad1.05x0.95mm_HandSolder,2,"DRILL, SHAFT",,
9,J1,XT60-PWM,1,XT90 IN,??,
10,J2,XT30PW-M,1,XT30PW-M,??,
11,"J6, J7, J8, J11, J13",:AnyTek_OQ_3.81mm_90_2P_TriangleKeyLock,5,OQ0232510000G,,
12,"J3,J4",AnyTek_OQ_3.81mm_90_3P_TriangleKeyLock,,OQ0332510000G,,
13,J10,Tensility_M8_Socket_4P_Shielded_A,1,~,,
14,"Q1, Q2",TDSON-8-1,2,CSD19502Q5B,,
15,"R1, R2, R14, R18, R19, R20, R22, R23",R_0603_1608Metric_Pad0.98x0.95mm_HandSolder,8,10k,,
16,"R3, R4, R16, R21",R_0603_1608Metric_Pad0.98x0.95mm_HandSolder,4,1k,,
17,R5,R_0603_1608Metric_Pad0.98x0.95mm_HandSolder,1,22k,,
18,R6,R_0603_1608Metric_Pad0.98x0.95mm_HandSolder,1,464k,,
19,R7,R_0603_1608Metric_Pad0.98x0.95mm_HandSolder,1,1500k,,
20,R8,R_0603_1608Metric_Pad0.98x0.95mm_HandSolder,1,121k,,
21,R9,R_0603_1608Metric_Pad0.98x0.95mm_HandSolder,1,29.4k,,
22,"R10, R11",R_0603_1608Metric_Pad0.98x0.95mm_HandSolder,2,50,,
23,R15,R_0603_1608Metric_Pad0.98x0.95mm_HandSolder,1,2k2,,
24,R17,R_0603_1608Metric_Pad0.98x0.95mm_HandSolder,1,20k,,
25,RSHUNT1,SMT_61L000FEA_VIS,1,2m,,
26,U1,MS_10_ADI,1,LTC4368CMS-1-PBF,,
27,U2,TSSOP-10_3x3mm_P0.5mm,1,INA238,,
28,U4,PWP0016J_N,1,DRV8874PWPR,,
29,,,,,,
30,,,,,,
31,,,,,,
,,,,,,
,,,,,,
,https://www.digikey.com.au/en/mylists/list/BWWDYSM54T,,,,,
